{"cameraMode":{"drawMode":0,"name":"Shaded","section":"Shading Mode"},"sceneLighting":true,"audioPlay":false,"sceneViewState":{"m_AlwaysRefresh":false,"showFog":true,"showSkybox":true,"showFlares":true,"showImageEffects":true,"showParticleSystems":true,"showVisualEffectGraphs":true,"m_FxEnabled":true},"in2DMode":false,"pivot":{"x":3.80588698387146,"y":-3.666144847869873,"z":18.773046493530275},"rotation":{"x":0.05695147439837456,"y":0.02545560896396637,"z":-0.0014519329415634275,"w":0.9980505108833313},"size":22.88665771484375,"orthographic":true}